<?xml version="1.0" encoding="UTF-8"?>
<project-private xmlns="http://www.netbeans.org/ns/project-private/1">
    <editor-bookmarks xmlns="http://www.netbeans.org/ns/editor-bookmarks/2" lastBookmarkId="0"/>
    <open-files xmlns="http://www.netbeans.org/ns/projectui-open-files/2">
        <group>
            <file>file:/C:/Users/JUAN%20JOSE/Documents/NetBeansProjects/ejerciciosDiseño2/src/Ejercicio4/Main.java</file>
            <file>file:/C:/Users/JUAN%20JOSE/Documents/NetBeansProjects/ejerciciosDiseño2/src/Ejercicio2/Vehiculo.java</file>
            <file>file:/C:/Users/JUAN%20JOSE/Documents/NetBeansProjects/ejerciciosDiseño2/src/Ejercicio2/Camion.java</file>
            <file>file:/C:/Users/JUAN%20JOSE/Documents/NetBeansProjects/ejerciciosDiseño2/src/Ejercicio3/Empleado.java</file>
            <file>file:/C:/Users/JUAN%20JOSE/Documents/NetBeansProjects/ejerciciosDiseño2/src/Ejercicio3/Main.java</file>
            <file>file:/C:/Users/JUAN%20JOSE/Documents/NetBeansProjects/ejerciciosDiseño2/src/diseñoPrimerEjercicio/FigurasGeometricas.java</file>
            <file>file:/C:/Users/JUAN%20JOSE/Documents/NetBeansProjects/ejerciciosDiseño2/src/Ejercicio4/Estudiante.java</file>
            <file>file:/C:/Users/JUAN%20JOSE/Documents/NetBeansProjects/ejerciciosDiseño2/src/diseñoPrimerEjercicio/Cubo.java</file>
            <file>file:/C:/Users/JUAN%20JOSE/Documents/NetBeansProjects/ejerciciosDiseño2/src/Ejercicio2/Carro.java</file>
            <file>file:/C:/Users/JUAN%20JOSE/Documents/NetBeansProjects/ejerciciosDiseño2/src/diseñoPrimerEjercicio/Circulo.java</file>
            <file>file:/C:/Users/JUAN%20JOSE/Documents/NetBeansProjects/ejerciciosDiseño2/src/Ejercicio4/Persona.java</file>
            <file>file:/C:/Users/JUAN%20JOSE/Documents/NetBeansProjects/ejerciciosDiseño2/src/diseñoPrimerEjercicio/Cuadrado.java</file>
            <file>file:/C:/Users/JUAN%20JOSE/Documents/NetBeansProjects/ejerciciosDiseño2/src/Ejercicio3/Vendedor.java</file>
            <file>file:/C:/Users/JUAN%20JOSE/Documents/NetBeansProjects/ejerciciosDiseño2/src/Ejercicio3/JefeDeZona.java</file>
            <file>file:/C:/Users/JUAN%20JOSE/Documents/NetBeansProjects/ejerciciosDiseño2/src/diseñoPrimerEjercicio/Triangulo.java</file>
            <file>file:/C:/Users/JUAN%20JOSE/Documents/NetBeansProjects/ejerciciosDiseño2/src/diseñoPrimerEjercicio/Rectangulo.java</file>
            <file>file:/C:/Users/JUAN%20JOSE/Documents/NetBeansProjects/ejerciciosDiseño2/src/Ejercicio4/Profesor.java</file>
            <file>file:/C:/Users/JUAN%20JOSE/Documents/NetBeansProjects/ejerciciosDiseño2/src/Ejercicio3/Secretario.java</file>
            <file>file:/C:/Users/JUAN%20JOSE/Documents/NetBeansProjects/ejerciciosDiseño2/src/Ejercicio4/BaseDeDatos.java</file>
            <file>file:/C:/Users/JUAN%20JOSE/Documents/NetBeansProjects/ejerciciosDiseño2/src/Ejercicio2/Main.java</file>
            <file>file:/C:/Users/JUAN%20JOSE/Documents/NetBeansProjects/ejerciciosDiseño2/src/Ejercicio4/Empleado.java</file>
            <file>file:/C:/Users/JUAN%20JOSE/Documents/NetBeansProjects/ejerciciosDiseño2/src/Ejercicio2/Remolque.java</file>
            <file>file:/C:/Users/JUAN%20JOSE/Documents/NetBeansProjects/ejerciciosDiseño2/src/diseñoPrimerEjercicio/EjerciciosDiseño2.java</file>
            <file>file:/C:/Users/JUAN%20JOSE/Documents/NetBeansProjects/ejerciciosDiseño2/src/Ejercicio4/PersonalServicio.java</file>
        </group>
    </open-files>
</project-private>
